{
    "words":[
        {
            "id":1,
            "day":1,
            "eng":"book",
            "kor":"책",
            "isDone":true
        },
        {
            "id":2,
            "day":1,
            "eng":"school",
            "kor":"학교",
            "isDone":false
        },
        {
            "id":3,
            "day":2,
            "eng":"car",
            "kor":"차",
            "isDone":true
        },
        {
            "id":4,
            "day":3,
            "eng":"homework",
            "kor":"숙제",
            "isDone":false
        }
    ]
}